Metric,CHAOSS_Issue_Density,CHAOSS_Review_Intensity,GT_Intensity_Mean,GT_Stability_InvCV,GT_Trend_Slope
Base_HAA,-0.024554455445544552,0.3196759675967596,0.8714911491149114,0.8063486348634864,-0.04469246924692469
Base_LTE,-0.024086408640864084,0.28025202520252024,0.7674647464746475,0.7173717371737174,-0.22905490549054902
Base_RM,-0.041908190819081904,0.3266486648664866,0.8769156915691569,0.8134173417341733,-0.13845784578457845
DTA_Linear,-0.09579357935793578,0.29693369336933695,0.8915451545154515,0.7847704770477048,-0.0685988598859886
DTA_Log,-0.09063306330633061,0.30283828382838285,0.8975457545754575,0.7942154215421541,-0.06243024302430242
DTA_NoWeight,-0.03697569756975697,0.3378217821782178,0.9139753975397539,0.8248544854485448,-0.08442844284428441
DTA_Standard,-0.08313231323132311,0.2927692769276927,0.9017941794179416,0.8026522652265226,-0.06511851185118511
DTA_Tanh,-0.07813981398139815,0.2866486648664866,0.8971737173717371,0.8121692169216921,-0.06397839783978397
