Metric,CHAOSS_Issue_Density,CHAOSS_Review_Intensity,GT_Intensity_Mean,GT_Stability_InvCV,GT_Trend_Slope
Base_HAA,0.808397402679253,0.001186591141759242,4.35022249058144e-32,4.402248148854555e-24,0.6588319022579396
Base_LTE,0.8119816697175366,0.004741173568705181,1.2454287271264407e-20,4.6066394451493134e-17,0.02188731979938615
Base_RM,0.6788777895804408,0.0009102330516524286,6.021314639045489e-33,8.54663016087469e-25,0.16950451221773855
DTA_Linear,0.3430914172386811,0.002700018945698287,1.7586518460797919e-35,4.441547803476862e-22,0.49766801489198864
DTA_Log,0.3698345556475544,0.002194497130785454,1.2546111687653216e-36,6.30749915822837e-23,0.5371979489267429
DTA_NoWeight,0.7149373725356869,0.0005873644448400182,3.587773056306108e-40,5.170830047140683e-26,0.40362637269589174
DTA_Standard,0.4109084375283435,0.003117165121875714,1.7492675680331068e-37,1.0101507907924539e-23,0.519781786472458
DTA_Tanh,0.43966643619515844,0.0038355001084176706,1.4847274170717323e-36,1.1472801824338281e-24,0.5271329350514407
